prolific_pid,participant_id,screen_id,card_up,card_down,chosen_card,chosen_side,rt_ms,outcome,p_win_chosen,p_win_up,p_win_down,coins_delta,coins_total,block,trial,trial_in_block,video_present,is_correct,reward_previous_trial
66cc6eb364154a51d4d44eb1,wdoh5wcf,main_trial,3,2,2,down,2038,loss,0.6471,0.2708,0.6471,-1,-1,1,1,1,false,1,NA
66cc6eb364154a51d4d44eb1,wdoh5wcf,main_trial,3,4,3,up,1121,loss,0.2941,0.2941,0.5857,-1,-2,1,2,2,false,0,-1
66cc6eb364154a51d4d44eb1,wdoh5wcf,main_trial,1,2,1,up,685,win,0.3558,0.3558,0.6822,1,-1,1,3,3,false,0,-1
66cc6eb364154a51d4d44eb1,wdoh5wcf,main_trial,4,2,4,up,842,win,0.5055,0.5055,0.6576,1,0,1,4,4,false,0,1
66cc6eb364154a51d4d44eb1,wdoh5wcf,main_trial,3,2,3,up,1531,win,0.4275,0.4275,0.6758,1,1,1,5,5,false,0,1
66cc6eb364154a51d4d44eb1,wdoh5wcf,main_trial,3,1,1,down,920,loss,0.3466,0.4292,0.3466,-1,0,1,6,6,false,0,1
66cc6eb364154a51d4d44eb1,wdoh5wcf,main_trial,2,4,4,down,730,win,0.5088,0.6487,0.5088,1,1,1,7,7,false,0,-1
66cc6eb364154a51d4d44eb1,wdoh5wcf,main_trial,1,4,4,down,1318,win,0.4539,0.4223,0.4539,1,2,1,8,8,false,1,1
66cc6eb364154a51d4d44eb1,wdoh5wcf,main_trial,1,3,3,down,1372,loss,0.4085,0.4019,0.4085,-1,1,1,9,9,false,1,1
66cc6eb364154a51d4d44eb1,wdoh5wcf,main_trial,2,1,1,down,775,loss,0.2473,0.6065,0.2473,-1,0,1,10,10,false,0,-1
66cc6eb364154a51d4d44eb1,wdoh5wcf,main_trial,1,2,1,up,746,loss,0.292,0.292,0.6015,-1,-1,1,11,11,false,0,-1
66cc6eb364154a51d4d44eb1,wdoh5wcf,main_trial,1,3,1,up,759,loss,0.233,0.233,0.381,-1,-2,1,12,12,false,0,-1
66cc6eb364154a51d4d44eb1,wdoh5wcf,main_trial,1,4,4,down,716,loss,0.5018,0.2495,0.5018,-1,-3,1,13,13,false,1,-1
66cc6eb364154a51d4d44eb1,wdoh5wcf,main_trial,1,2,1,up,693,loss,0.2435,0.2435,0.679,-1,-4,1,14,14,false,0,-1
66cc6eb364154a51d4d44eb1,wdoh5wcf,main_trial,3,4,4,down,756,win,0.5041,0.4636,0.5041,1,-3,1,15,15,false,1,-1
66cc6eb364154a51d4d44eb1,wdoh5wcf,main_trial,2,1,1,down,742,win,0.2524,0.5504,0.2524,1,-2,1,16,16,false,0,1
66cc6eb364154a51d4d44eb1,wdoh5wcf,main_trial,1,2,1,up,918,loss,0.2327,0.2327,0.5709,-1,-3,1,17,17,false,0,1
66cc6eb364154a51d4d44eb1,wdoh5wcf,main_trial,1,4,1,up,1037,loss,0.2787,0.2787,0.6068,-1,-4,1,18,18,false,0,-1
66cc6eb364154a51d4d44eb1,wdoh5wcf,main_trial,3,2,3,up,1154,win,0.607,0.607,0.5289,1,-3,1,19,19,false,1,-1
66cc6eb364154a51d4d44eb1,wdoh5wcf,main_trial,1,4,4,down,990,win,0.604,0.3134,0.604,1,-2,1,20,20,false,1,1
66cc6eb364154a51d4d44eb1,wdoh5wcf,main_trial,2,1,1,down,710,loss,0.2213,0.6117,0.2213,-1,-3,1,21,21,false,0,1
66cc6eb364154a51d4d44eb1,wdoh5wcf,main_trial,2,3,2,up,730,win,0.6676,0.6676,0.7114,1,-2,1,22,22,false,0,-1
66cc6eb364154a51d4d44eb1,wdoh5wcf,main_trial,3,1,3,up,1151,loss,0.672,0.672,0.1561,-1,-3,1,23,23,false,1,1
66cc6eb364154a51d4d44eb1,wdoh5wcf,main_trial,3,2,2,down,1081,win,0.6932,0.6209,0.6932,1,-2,1,24,24,false,1,-1
66cc6eb364154a51d4d44eb1,wdoh5wcf,main_trial,1,3,3,down,1443,win,0.7154,0.1183,0.7154,1,-1,1,25,25,false,1,1
66cc6eb364154a51d4d44eb1,wdoh5wcf,main_trial,1,2,2,down,785,loss,0.6426,0.1348,0.6426,-1,-2,1,26,26,false,1,1
66cc6eb364154a51d4d44eb1,wdoh5wcf,main_trial,4,1,4,up,668,win,0.585,0.585,0.1458,1,-1,1,27,27,false,1,-1
66cc6eb364154a51d4d44eb1,wdoh5wcf,main_trial,1,2,1,up,861,loss,0.2429,0.2429,0.5917,-1,-2,1,28,28,false,0,1
66cc6eb364154a51d4d44eb1,wdoh5wcf,main_trial,2,3,2,up,1117,loss,0.6126,0.6126,0.5722,-1,-3,1,29,29,false,1,-1
66cc6eb364154a51d4d44eb1,wdoh5wcf,main_trial,1,2,1,up,578,loss,0.243,0.243,0.5205,-1,-4,1,30,30,false,0,-1
66cc6eb364154a51d4d44eb1,wdoh5wcf,main_trial,4,3,3,down,665,win,0.468,0.3734,0.468,1,-3,1,31,31,false,1,-1
66cc6eb364154a51d4d44eb1,wdoh5wcf,main_trial,2,3,2,up,695,loss,0.5337,0.5337,0.4102,-1,-4,1,32,32,false,1,1
66cc6eb364154a51d4d44eb1,wdoh5wcf,main_trial,1,2,2,down,733,loss,0.4881,0.2953,0.4881,-1,-5,1,33,33,false,1,-1
66cc6eb364154a51d4d44eb1,wdoh5wcf,main_trial,4,2,4,up,752,loss,0.3212,0.3212,0.4028,-1,-6,1,34,34,false,0,-1
66cc6eb364154a51d4d44eb1,wdoh5wcf,main_trial,2,1,2,up,551,win,0.3962,0.3962,0.3265,1,-5,1,35,35,false,1,-1
66cc6eb364154a51d4d44eb1,wdoh5wcf,main_trial,1,2,2,down,1139,loss,0.4749,0.3711,0.4749,-1,-6,1,36,36,false,1,1
66cc6eb364154a51d4d44eb1,wdoh5wcf,main_trial,4,1,4,up,878,loss,0.3262,0.3262,0.3481,-1,-7,1,37,37,false,0,-1
66cc6eb364154a51d4d44eb1,wdoh5wcf,main_trial,4,3,4,up,554,win,0.368,0.368,0.5638,1,-6,1,38,38,false,0,-1
66cc6eb364154a51d4d44eb1,wdoh5wcf,main_trial,1,4,1,up,875,loss,0.4066,0.4066,0.4288,-1,-7,1,39,39,false,0,1
66cc6eb364154a51d4d44eb1,wdoh5wcf,main_trial,3,2,2,down,1152,win,0.6446,0.5119,0.6446,1,-6,1,40,40,false,1,-1
66cc6eb364154a51d4d44eb1,wdoh5wcf,main_trial,2,3,3,down,1416,loss,0.5653,0.6322,0.5653,-1,-7,1,41,41,false,0,1
66cc6eb364154a51d4d44eb1,wdoh5wcf,main_trial,3,1,1,down,1346,loss,0.4957,0.5909,0.4957,-1,-8,1,42,42,false,0,-1
66cc6eb364154a51d4d44eb1,wdoh5wcf,main_trial,4,3,4,up,777,loss,0.3412,0.3412,0.6387,-1,-9,1,43,43,false,0,-1
66cc6eb364154a51d4d44eb1,wdoh5wcf,main_trial,2,1,1,down,983,loss,0.4068,0.7608,0.4068,-1,-10,1,44,44,false,0,-1
66cc6eb364154a51d4d44eb1,wdoh5wcf,main_trial,3,4,4,down,606,win,0.3363,0.6871,0.3363,1,-9,1,45,45,false,0,-1
66cc6eb364154a51d4d44eb1,wdoh5wcf,main_trial,2,1,1,down,699,loss,0.5208,0.695,0.5208,-1,-10,1,46,46,false,0,1
66cc6eb364154a51d4d44eb1,wdoh5wcf,main_trial,4,2,2,down,1210,loss,0.7271,0.4018,0.7271,-1,-11,1,47,47,false,1,-1
66cc6eb364154a51d4d44eb1,wdoh5wcf,main_trial,2,4,4,down,1293,loss,0.2953,0.7964,0.2953,-1,-12,1,48,48,false,0,-1
66cc6eb364154a51d4d44eb1,wdoh5wcf,main_trial,2,4,2,up,662,win,0.7808,0.7808,0.273,1,-11,1,49,49,false,1,-1
66cc6eb364154a51d4d44eb1,wdoh5wcf,main_trial,4,3,3,down,1612,win,0.7343,0.2372,0.7343,1,-10,1,50,50,false,1,1
66cc6eb364154a51d4d44eb1,wdoh5wcf,main_trial,2,1,2,up,1231,win,0.642,0.642,0.4238,1,-9,2,51,1,true,1,1
66cc6eb364154a51d4d44eb1,wdoh5wcf,main_trial,3,2,2,down,1711,win,0.6412,0.6915,0.6412,1,-8,2,52,2,true,0,1
66cc6eb364154a51d4d44eb1,wdoh5wcf,main_trial,2,1,2,up,944,loss,0.6385,0.6385,0.4113,-1,-9,2,53,3,true,1,1
66cc6eb364154a51d4d44eb1,wdoh5wcf,main_trial,4,3,3,down,809,win,0.5641,0.3338,0.5641,1,-8,2,54,4,true,1,-1
66cc6eb364154a51d4d44eb1,wdoh5wcf,main_trial,3,4,4,down,1762,win,0.3838,0.6219,0.3838,1,-7,2,55,5,true,0,1
66cc6eb364154a51d4d44eb1,wdoh5wcf,main_trial,2,4,2,up,1950,loss,0.6183,0.6183,0.357,-1,-8,2,56,6,true,1,1
66cc6eb364154a51d4d44eb1,wdoh5wcf,main_trial,4,2,4,up,1001,loss,0.3,0.3,0.5447,-1,-9,2,57,7,true,0,-1
66cc6eb364154a51d4d44eb1,wdoh5wcf,main_trial,3,1,3,up,929,loss,0.7119,0.7119,0.2969,-1,-10,2,58,8,true,1,-1
66cc6eb364154a51d4d44eb1,wdoh5wcf,main_trial,2,1,2,up,1100,loss,0.5291,0.5291,0.3045,-1,-11,2,59,9,true,1,-1
66cc6eb364154a51d4d44eb1,wdoh5wcf,main_trial,1,3,3,down,661,win,0.8123,0.3031,0.8123,1,-10,2,60,10,true,1,-1
66cc6eb364154a51d4d44eb1,wdoh5wcf,main_trial,2,3,3,down,704,win,0.8068,0.5634,0.8068,1,-9,2,61,11,true,1,1
66cc6eb364154a51d4d44eb1,wdoh5wcf,main_trial,3,1,3,up,654,win,0.7731,0.7731,0.2946,1,-8,2,62,12,true,1,1
66cc6eb364154a51d4d44eb1,wdoh5wcf,main_trial,1,2,2,down,1148,win,0.6529,0.2874,0.6529,1,-7,2,63,13,true,1,1
66cc6eb364154a51d4d44eb1,wdoh5wcf,main_trial,4,1,1,down,2020,win,0.3532,0.2864,0.3532,1,-6,2,64,14,true,1,1
66cc6eb364154a51d4d44eb1,wdoh5wcf,main_trial,3,4,3,up,826,win,0.8959,0.8959,0.2922,1,-5,2,65,15,true,1,1
66cc6eb364154a51d4d44eb1,wdoh5wcf,main_trial,3,2,3,up,1238,win,0.8483,0.8483,0.5532,1,-4,2,66,16,true,1,1
66cc6eb364154a51d4d44eb1,wdoh5wcf,main_trial,4,1,1,down,990,win,0.3159,0.209,0.3159,1,-3,2,67,17,true,1,1
66cc6eb364154a51d4d44eb1,wdoh5wcf,main_trial,1,3,1,up,739,loss,0.3636,0.3636,0.7144,-1,-4,2,68,18,true,0,1
66cc6eb364154a51d4d44eb1,wdoh5wcf,main_trial,4,2,2,down,1127,loss,0.6162,0.1782,0.6162,-1,-5,2,69,19,true,1,-1
66cc6eb364154a51d4d44eb1,wdoh5wcf,main_trial,3,1,3,up,544,loss,0.7807,0.7807,0.3336,-1,-6,2,70,20,true,1,-1
66cc6eb364154a51d4d44eb1,wdoh5wcf,main_trial,4,3,3,down,853,loss,0.7277,0.2297,0.7277,-1,-7,2,71,21,true,1,-1
66cc6eb364154a51d4d44eb1,wdoh5wcf,main_trial,4,3,4,up,523,loss,0.2626,0.2626,0.7518,-1,-8,2,72,22,true,0,-1
66cc6eb364154a51d4d44eb1,wdoh5wcf,main_trial,2,3,2,up,1075,win,0.6191,0.6191,0.6941,1,-7,2,73,23,true,0,-1
66cc6eb364154a51d4d44eb1,wdoh5wcf,main_trial,3,2,3,up,767,win,0.7385,0.7385,0.5816,1,-6,2,74,24,true,1,1
66cc6eb364154a51d4d44eb1,wdoh5wcf,main_trial,1,4,4,down,1344,loss,0.2331,0.2511,0.2331,-1,-7,2,75,25,true,0,1
66cc6eb364154a51d4d44eb1,wdoh5wcf,main_trial,2,1,2,up,868,loss,0.5206,0.5206,0.1887,-1,-8,2,76,26,true,1,-1
66cc6eb364154a51d4d44eb1,wdoh5wcf,main_trial,1,3,1,up,596,loss,0.1841,0.1841,0.8528,-1,-9,2,77,27,true,0,-1
66cc6eb364154a51d4d44eb1,wdoh5wcf,main_trial,3,1,3,up,1340,win,0.8762,0.8762,0.1329,1,-8,2,78,28,true,1,-1
66cc6eb364154a51d4d44eb1,wdoh5wcf,main_trial,3,1,3,up,814,win,0.8359,0.8359,0.16,1,-7,2,79,29,true,1,1
66cc6eb364154a51d4d44eb1,wdoh5wcf,main_trial,2,1,2,up,3166,loss,0.5503,0.5503,0.1632,-1,-8,2,80,30,true,1,1
66cc6eb364154a51d4d44eb1,wdoh5wcf,main_trial,2,3,3,down,1105,loss,0.8268,0.6189,0.8268,-1,-9,2,81,31,true,1,-1
66cc6eb364154a51d4d44eb1,wdoh5wcf,main_trial,3,1,1,down,1373,loss,0.1712,0.798,0.1712,-1,-10,2,82,32,true,0,-1
66cc6eb364154a51d4d44eb1,wdoh5wcf,main_trial,1,3,1,up,715,loss,0.1813,0.1813,0.8919,-1,-11,2,83,33,true,0,-1
66cc6eb364154a51d4d44eb1,wdoh5wcf,main_trial,3,4,3,up,784,loss,0.8922,0.8922,0.3963,-1,-12,2,84,34,true,1,-1
66cc6eb364154a51d4d44eb1,wdoh5wcf,main_trial,2,4,4,down,573,loss,0.458,0.5411,0.458,-1,-13,2,85,35,true,0,-1
66cc6eb364154a51d4d44eb1,wdoh5wcf,main_trial,2,4,4,down,779,win,0.3868,0.5947,0.3868,1,-12,2,86,36,true,0,-1
66cc6eb364154a51d4d44eb1,wdoh5wcf,main_trial,3,4,4,down,592,win,0.4292,0.741,0.4292,1,-11,2,87,37,true,0,1
66cc6eb364154a51d4d44eb1,wdoh5wcf,main_trial,1,3,3,down,1211,loss,0.7692,0.2279,0.7692,-1,-12,2,88,38,true,1,1
66cc6eb364154a51d4d44eb1,wdoh5wcf,main_trial,4,3,4,up,645,win,0.3893,0.3893,0.8351,1,-11,2,89,39,true,0,-1
66cc6eb364154a51d4d44eb1,wdoh5wcf,main_trial,4,2,4,up,601,win,0.4731,0.4731,0.3812,1,-10,2,90,40,true,1,1
66cc6eb364154a51d4d44eb1,wdoh5wcf,main_trial,2,3,2,up,1331,win,0.4011,0.4011,0.8347,1,-9,2,91,41,true,0,1
66cc6eb364154a51d4d44eb1,wdoh5wcf,main_trial,2,4,2,up,948,loss,0.3807,0.3807,0.3858,-1,-10,2,92,42,true,0,1
66cc6eb364154a51d4d44eb1,wdoh5wcf,main_trial,1,4,4,down,953,win,0.3977,0.5302,0.3977,1,-9,2,93,43,true,0,-1
66cc6eb364154a51d4d44eb1,wdoh5wcf,main_trial,1,4,4,down,1053,loss,0.4108,0.5645,0.4108,-1,-10,2,94,44,true,0,1
66cc6eb364154a51d4d44eb1,wdoh5wcf,main_trial,1,3,1,up,881,win,0.5772,0.5772,0.8934,1,-9,2,95,45,true,0,-1
66cc6eb364154a51d4d44eb1,wdoh5wcf,main_trial,3,1,1,down,900,loss,0.5013,0.889,0.5013,-1,-10,2,96,46,true,0,1
66cc6eb364154a51d4d44eb1,wdoh5wcf,main_trial,3,4,3,up,375,win,0.8615,0.8615,0.3849,1,-9,2,97,47,true,1,-1
66cc6eb364154a51d4d44eb1,wdoh5wcf,main_trial,2,1,1,down,810,win,0.4353,0.2772,0.4353,1,-8,2,98,48,true,1,1
66cc6eb364154a51d4d44eb1,wdoh5wcf,main_trial,2,4,4,down,1478,loss,0.4146,0.2297,0.4146,-1,-9,2,99,49,true,1,1
66cc6eb364154a51d4d44eb1,wdoh5wcf,main_trial,1,2,2,down,1018,loss,0.1891,0.4611,0.1891,-1,-10,2,100,50,true,0,-1
66cc6eb364154a51d4d44eb1,wdoh5wcf,main_trial,3,2,3,up,899,win,0.8875,0.8875,0.2213,1,-9,3,101,1,false,1,-1
66cc6eb364154a51d4d44eb1,wdoh5wcf,main_trial,3,1,3,up,661,win,0.794,0.794,0.5385,1,-8,3,102,2,false,1,1
66cc6eb364154a51d4d44eb1,wdoh5wcf,main_trial,4,3,3,down,2372,win,0.7518,0.4579,0.7518,1,-7,3,103,3,false,1,1
66cc6eb364154a51d4d44eb1,wdoh5wcf,main_trial,4,2,4,up,694,win,0.4887,0.4887,0.4047,1,-6,3,104,4,false,1,1
66cc6eb364154a51d4d44eb1,wdoh5wcf,main_trial,1,2,2,down,1449,win,0.4323,0.5014,0.4323,1,-5,3,105,5,false,0,1
66cc6eb364154a51d4d44eb1,wdoh5wcf,main_trial,4,2,4,up,1437,loss,0.4286,0.4286,0.4103,-1,-6,3,106,6,false,1,1
66cc6eb364154a51d4d44eb1,wdoh5wcf,main_trial,2,1,2,up,804,loss,0.4126,0.4126,0.6168,-1,-7,3,107,7,false,0,-1
66cc6eb364154a51d4d44eb1,wdoh5wcf,main_trial,2,3,2,up,904,win,0.4068,0.4068,0.6892,1,-6,3,108,8,false,0,-1
66cc6eb364154a51d4d44eb1,wdoh5wcf,main_trial,2,4,4,down,1038,loss,0.4477,0.4083,0.4477,-1,-7,3,109,9,false,1,1
66cc6eb364154a51d4d44eb1,wdoh5wcf,main_trial,2,4,2,up,1543,win,0.351,0.351,0.5067,1,-6,3,110,10,false,0,-1
66cc6eb364154a51d4d44eb1,wdoh5wcf,main_trial,1,4,4,down,1108,win,0.5727,0.3976,0.5727,1,-5,3,111,11,false,1,1
66cc6eb364154a51d4d44eb1,wdoh5wcf,main_trial,1,4,4,down,893,win,0.5156,0.4103,0.5156,1,-4,3,112,12,false,1,1
66cc6eb364154a51d4d44eb1,wdoh5wcf,main_trial,1,4,4,down,1299,win,0.5434,0.3873,0.5434,1,-3,3,113,13,false,1,1
66cc6eb364154a51d4d44eb1,wdoh5wcf,main_trial,4,3,4,up,824,win,0.5423,0.5423,0.6433,1,-2,3,114,14,false,0,1
66cc6eb364154a51d4d44eb1,wdoh5wcf,main_trial,2,1,2,up,1466,loss,0.517,0.517,0.2965,-1,-3,3,115,15,false,1,1
66cc6eb364154a51d4d44eb1,wdoh5wcf,main_trial,2,1,1,down,936,loss,0.369,0.5484,0.369,-1,-4,3,116,16,false,0,-1
66cc6eb364154a51d4d44eb1,wdoh5wcf,main_trial,3,2,3,up,857,win,0.5044,0.5044,0.4644,1,-3,3,117,17,false,1,-1
66cc6eb364154a51d4d44eb1,wdoh5wcf,main_trial,1,3,3,down,1163,loss,0.529,0.4149,0.529,-1,-4,3,118,18,false,1,1
66cc6eb364154a51d4d44eb1,wdoh5wcf,main_trial,3,2,3,up,1075,win,0.553,0.553,0.4668,1,-3,3,119,19,false,1,-1
66cc6eb364154a51d4d44eb1,wdoh5wcf,main_trial,4,2,2,down,773,loss,0.4203,0.5635,0.4203,-1,-4,3,120,20,false,0,1
66cc6eb364154a51d4d44eb1,wdoh5wcf,main_trial,2,4,4,down,763,win,0.4951,0.4435,0.4951,1,-3,3,121,21,false,1,-1
66cc6eb364154a51d4d44eb1,wdoh5wcf,main_trial,4,1,4,up,862,loss,0.4587,0.4587,0.5254,-1,-4,3,122,22,false,0,1
66cc6eb364154a51d4d44eb1,wdoh5wcf,main_trial,3,2,3,up,774,loss,0.5285,0.5285,0.4865,-1,-5,3,123,23,false,1,-1
66cc6eb364154a51d4d44eb1,wdoh5wcf,main_trial,4,3,4,up,931,loss,0.4332,0.4332,0.4924,-1,-6,3,124,24,false,0,-1
66cc6eb364154a51d4d44eb1,wdoh5wcf,main_trial,2,3,3,down,649,win,0.5725,0.6126,0.5725,1,-5,3,125,25,false,0,-1
66cc6eb364154a51d4d44eb1,wdoh5wcf,main_trial,2,4,4,down,836,loss,0.5065,0.7329,0.5065,-1,-6,3,126,26,false,0,1
66cc6eb364154a51d4d44eb1,wdoh5wcf,main_trial,1,2,2,down,871,win,0.8067,0.6274,0.8067,1,-5,3,127,27,false,1,-1
66cc6eb364154a51d4d44eb1,wdoh5wcf,main_trial,3,1,3,up,1362,loss,0.6006,0.6006,0.6174,-1,-6,3,128,28,false,0,1
66cc6eb364154a51d4d44eb1,wdoh5wcf,main_trial,2,4,4,down,1188,win,0.5395,0.7338,0.5395,1,-5,3,129,29,false,0,-1
66cc6eb364154a51d4d44eb1,wdoh5wcf,main_trial,1,4,4,down,804,win,0.5125,0.7031,0.5125,1,-4,3,130,30,false,0,1
66cc6eb364154a51d4d44eb1,wdoh5wcf,main_trial,4,2,4,up,773,win,0.5351,0.5351,0.654,1,-3,3,131,31,false,0,1
66cc6eb364154a51d4d44eb1,wdoh5wcf,main_trial,3,4,4,down,648,win,0.4994,0.5915,0.4994,1,-2,3,132,32,false,0,1
66cc6eb364154a51d4d44eb1,wdoh5wcf,main_trial,4,1,4,up,679,loss,0.4447,0.4447,0.6755,-1,-3,3,133,33,false,0,1
66cc6eb364154a51d4d44eb1,wdoh5wcf,main_trial,1,2,2,down,1300,win,0.6056,0.7241,0.6056,1,-2,3,134,34,false,0,-1
66cc6eb364154a51d4d44eb1,wdoh5wcf,main_trial,1,4,4,down,675,win,0.4318,0.7327,0.4318,1,-1,3,135,35,false,0,1
66cc6eb364154a51d4d44eb1,wdoh5wcf,main_trial,2,1,1,down,1164,win,0.7121,0.6715,0.7121,1,0,3,136,36,false,1,1
66cc6eb364154a51d4d44eb1,wdoh5wcf,main_trial,2,1,1,down,1105,win,0.6907,0.6464,0.6907,1,1,3,137,37,false,1,1
66cc6eb364154a51d4d44eb1,wdoh5wcf,main_trial,4,3,4,up,783,win,0.3959,0.3959,0.4951,1,2,3,138,38,false,0,1
66cc6eb364154a51d4d44eb1,wdoh5wcf,main_trial,1,3,1,up,1401,win,0.6879,0.6879,0.4849,1,3,3,139,39,false,1,1
66cc6eb364154a51d4d44eb1,wdoh5wcf,main_trial,3,4,4,down,893,win,0.5173,0.4715,0.5173,1,4,3,140,40,false,1,1
66cc6eb364154a51d4d44eb1,wdoh5wcf,main_trial,4,1,4,up,1273,loss,0.4931,0.4931,0.7228,-1,3,3,141,41,false,0,1
66cc6eb364154a51d4d44eb1,wdoh5wcf,main_trial,3,1,1,down,957,win,0.6628,0.3977,0.6628,1,4,3,142,42,false,1,-1
66cc6eb364154a51d4d44eb1,wdoh5wcf,main_trial,2,3,2,up,1289,win,0.817,0.817,0.4751,1,5,3,143,43,false,1,1
66cc6eb364154a51d4d44eb1,wdoh5wcf,main_trial,2,4,4,down,1268,loss,0.3293,0.8184,0.3293,-1,4,3,144,44,false,0,1
66cc6eb364154a51d4d44eb1,wdoh5wcf,main_trial,1,4,1,up,1138,win,0.6353,0.6353,0.3112,1,5,3,145,45,false,1,-1
66cc6eb364154a51d4d44eb1,wdoh5wcf,main_trial,4,2,4,up,828,loss,0.3789,0.3789,0.7864,-1,4,3,146,46,false,0,1
66cc6eb364154a51d4d44eb1,wdoh5wcf,main_trial,1,2,1,up,999,win,0.6348,0.6348,0.787,1,5,3,147,47,false,0,-1
66cc6eb364154a51d4d44eb1,wdoh5wcf,main_trial,3,4,4,down,1143,loss,0.2622,0.4373,0.2622,-1,4,3,148,48,false,0,1
66cc6eb364154a51d4d44eb1,wdoh5wcf,main_trial,3,4,3,up,869,loss,0.4941,0.4941,0.2493,-1,3,3,149,49,false,1,-1
66cc6eb364154a51d4d44eb1,wdoh5wcf,main_trial,2,3,2,up,1112,win,0.7415,0.7415,0.4631,1,4,3,150,50,false,1,-1
66cc6eb364154a51d4d44eb1,wdoh5wcf,main_trial,4,2,4,up,941,loss,0.2945,0.2945,0.6799,-1,3,4,151,1,true,0,1
66cc6eb364154a51d4d44eb1,wdoh5wcf,main_trial,2,1,1,down,1234,win,0.6668,0.623,0.6668,1,4,4,152,2,true,1,-1
66cc6eb364154a51d4d44eb1,wdoh5wcf,main_trial,3,2,2,down,1159,win,0.6016,0.3223,0.6016,1,5,4,153,3,true,1,1
66cc6eb364154a51d4d44eb1,wdoh5wcf,main_trial,4,1,1,down,1312,win,0.5345,0.3968,0.5345,1,6,4,154,4,true,1,1
66cc6eb364154a51d4d44eb1,wdoh5wcf,main_trial,1,4,1,up,951,win,0.5516,0.5516,0.4044,1,7,4,155,5,true,1,1
66cc6eb364154a51d4d44eb1,wdoh5wcf,main_trial,1,3,1,up,758,win,0.479,0.479,0.3472,1,8,4,156,6,true,1,1
66cc6eb364154a51d4d44eb1,wdoh5wcf,main_trial,3,2,2,down,1093,loss,0.5304,0.2313,0.5304,-1,7,4,157,7,true,1,1
66cc6eb364154a51d4d44eb1,wdoh5wcf,main_trial,2,3,2,up,1172,loss,0.5314,0.5314,0.2215,-1,6,4,158,8,true,1,-1
66cc6eb364154a51d4d44eb1,wdoh5wcf,main_trial,4,1,1,down,990,win,0.5724,0.1687,0.5724,1,7,4,159,9,true,1,-1
66cc6eb364154a51d4d44eb1,wdoh5wcf,main_trial,2,3,2,up,1186,loss,0.5061,0.5061,0.2484,-1,6,4,160,10,true,1,1
66cc6eb364154a51d4d44eb1,wdoh5wcf,main_trial,1,4,1,up,994,win,0.6158,0.6158,0.239,1,7,4,161,11,true,1,-1
66cc6eb364154a51d4d44eb1,wdoh5wcf,main_trial,4,3,4,up,952,loss,0.1354,0.1354,0.2545,-1,6,4,162,12,true,0,1
66cc6eb364154a51d4d44eb1,wdoh5wcf,main_trial,1,3,3,down,736,loss,0.2624,0.4443,0.2624,-1,5,4,163,13,true,0,-1
66cc6eb364154a51d4d44eb1,wdoh5wcf,main_trial,2,3,3,down,1499,loss,0.2656,0.571,0.2656,-1,4,4,164,14,true,0,-1
66cc6eb364154a51d4d44eb1,wdoh5wcf,main_trial,4,3,4,up,841,loss,0.1159,0.1159,0.243,-1,3,4,165,15,true,0,-1
66cc6eb364154a51d4d44eb1,wdoh5wcf,main_trial,4,3,3,down,1272,win,0.2174,0.131,0.2174,1,4,4,166,16,true,1,-1
66cc6eb364154a51d4d44eb1,wdoh5wcf,main_trial,2,4,2,up,1326,win,0.5325,0.5325,0.1309,1,5,4,167,17,true,1,1
66cc6eb364154a51d4d44eb1,wdoh5wcf,main_trial,3,2,3,up,741,loss,0.1938,0.1938,0.5952,-1,4,4,168,18,true,0,1
66cc6eb364154a51d4d44eb1,wdoh5wcf,main_trial,4,2,2,down,1013,win,0.6537,0.1218,0.6537,1,5,4,169,19,true,1,-1
66cc6eb364154a51d4d44eb1,wdoh5wcf,main_trial,3,2,3,up,1561,loss,0.1992,0.1992,0.6055,-1,4,4,170,20,true,0,1
66cc6eb364154a51d4d44eb1,wdoh5wcf,main_trial,2,1,1,down,2279,win,0.5545,0.5589,0.5545,1,5,4,171,21,true,0,-1
66cc6eb364154a51d4d44eb1,wdoh5wcf,main_trial,1,2,1,up,2606,win,0.5492,0.5492,0.4788,1,6,4,172,22,true,1,1
66cc6eb364154a51d4d44eb1,wdoh5wcf,main_trial,2,3,3,down,1721,loss,0.2845,0.4935,0.2845,-1,5,4,173,23,true,0,1
66cc6eb364154a51d4d44eb1,wdoh5wcf,main_trial,4,2,2,down,1149,loss,0.5296,0.3109,0.5296,-1,4,4,174,24,true,1,-1
66cc6eb364154a51d4d44eb1,wdoh5wcf,main_trial,4,2,2,down,2365,loss,0.4932,0.2867,0.4932,-1,3,4,175,25,true,1,-1
66cc6eb364154a51d4d44eb1,wdoh5wcf,main_trial,3,1,1,down,840,loss,0.674,0.383,0.674,-1,2,4,176,26,true,1,-1
66cc6eb364154a51d4d44eb1,wdoh5wcf,main_trial,3,2,3,up,562,loss,0.3615,0.3615,0.4361,-1,1,4,177,27,true,0,-1
66cc6eb364154a51d4d44eb1,wdoh5wcf,main_trial,2,1,1,down,751,win,0.4905,0.444,0.4905,1,2,4,178,28,true,1,-1
66cc6eb364154a51d4d44eb1,wdoh5wcf,main_trial,1,3,1,up,875,win,0.4965,0.4965,0.4299,1,3,4,179,29,true,1,1
66cc6eb364154a51d4d44eb1,wdoh5wcf,main_trial,3,2,3,up,1160,loss,0.4504,0.4504,0.4068,-1,2,4,180,30,true,1,1
66cc6eb364154a51d4d44eb1,wdoh5wcf,main_trial,3,4,3,up,1088,win,0.4407,0.4407,0.2441,1,3,4,181,31,true,1,-1
66cc6eb364154a51d4d44eb1,wdoh5wcf,main_trial,2,3,2,up,1205,win,0.5614,0.5614,0.4297,1,4,4,182,32,true,1,1
66cc6eb364154a51d4d44eb1,wdoh5wcf,main_trial,1,2,1,up,1675,loss,0.572,0.572,0.5737,-1,3,4,183,33,true,0,1
66cc6eb364154a51d4d44eb1,wdoh5wcf,main_trial,1,3,1,up,1321,loss,0.6202,0.6202,0.3548,-1,2,4,184,34,true,1,-1
66cc6eb364154a51d4d44eb1,wdoh5wcf,main_trial,3,2,3,up,949,loss,0.4115,0.4115,0.5853,-1,1,4,185,35,true,0,-1
66cc6eb364154a51d4d44eb1,wdoh5wcf,main_trial,4,2,2,down,1439,win,0.5934,0.2496,0.5934,1,2,4,186,36,true,1,-1
66cc6eb364154a51d4d44eb1,wdoh5wcf,main_trial,4,2,2,down,1316,loss,0.6405,0.2655,0.6405,-1,1,4,187,37,true,1,1
66cc6eb364154a51d4d44eb1,wdoh5wcf,main_trial,2,1,1,down,675,win,0.8189,0.6004,0.8189,1,2,4,188,38,true,1,-1
66cc6eb364154a51d4d44eb1,wdoh5wcf,main_trial,1,3,3,down,1403,win,0.3892,0.8292,0.3892,1,3,4,189,39,true,0,1
66cc6eb364154a51d4d44eb1,wdoh5wcf,main_trial,3,2,2,down,1245,loss,0.5034,0.4802,0.5034,-1,2,4,190,40,true,1,1
66cc6eb364154a51d4d44eb1,wdoh5wcf,main_trial,2,1,2,up,1064,win,0.4865,0.4865,0.8971,1,3,4,191,41,true,0,-1
66cc6eb364154a51d4d44eb1,wdoh5wcf,main_trial,3,2,3,up,1216,loss,0.5055,0.5055,0.6151,-1,2,4,192,42,true,0,1
66cc6eb364154a51d4d44eb1,wdoh5wcf,main_trial,3,4,3,up,979,win,0.5236,0.5236,0.1634,1,3,4,193,43,true,1,-1
66cc6eb364154a51d4d44eb1,wdoh5wcf,main_trial,1,3,3,down,1335,loss,0.5283,0.8724,0.5283,-1,2,4,194,44,true,0,1
66cc6eb364154a51d4d44eb1,wdoh5wcf,main_trial,4,3,3,down,904,win,0.5796,0.1715,0.5796,1,3,4,195,45,true,1,-1
66cc6eb364154a51d4d44eb1,wdoh5wcf,main_trial,4,1,4,up,1865,loss,0.1576,0.1576,0.7908,-1,2,4,196,46,true,0,1
66cc6eb364154a51d4d44eb1,wdoh5wcf,main_trial,2,1,2,up,1148,win,0.7327,0.7327,0.8124,1,3,4,197,47,true,0,-1
66cc6eb364154a51d4d44eb1,wdoh5wcf,main_trial,1,2,2,down,1393,win,0.6448,0.8255,0.6448,1,4,4,198,48,true,0,1
66cc6eb364154a51d4d44eb1,wdoh5wcf,main_trial,4,2,4,up,1759,loss,0.2513,0.2513,0.5898,-1,3,4,199,49,true,0,1
66cc6eb364154a51d4d44eb1,wdoh5wcf,main_trial,3,4,3,up,1001,win,0.4979,0.4979,0.2295,1,4,4,200,50,true,1,-1
NA,yerl9g4z,main_trial,4,1,1,down,1347,loss,0.3375,0.6013,0.3375,-1,-1,1,1,1,false,0,NA
NA,yerl9g4z,main_trial,2,1,2,up,911,win,0.4881,0.4881,0.3101,1,0,1,2,2,false,1,-1
NA,yerl9g4z,main_trial,3,4,3,up,696,loss,0.3853,0.3853,0.6015,-1,-1,1,3,3,false,0,1
NA,yerl9g4z,main_trial,4,1,4,up,1533,win,0.6634,0.6634,0.1854,1,0,1,4,4,false,1,-1
NA,yerl9g4z,main_trial,1,3,3,down,2969,win,0.4657,0.1767,0.4657,1,1,1,5,5,false,1,1
NA,yerl9g4z,main_trial,2,3,2,up,885,loss,0.4774,0.4774,0.5253,-1,0,1,6,6,false,0,1
NA,yerl9g4z,main_trial,1,2,2,down,1070,loss,0.4164,0.1933,0.4164,-1,-1,1,7,7,false,1,-1
NA,yerl9g4z,main_trial,4,3,3,down,1289,win,0.5969,0.7857,0.5969,1,0,1,8,8,false,0,-1
NA,yerl9g4z,main_trial,3,2,3,up,1051,loss,0.5908,0.5908,0.4922,-1,-1,1,9,9,false,1,1
NA,yerl9g4z,main_trial,4,2,2,down,1875,win,0.4542,0.8408,0.4542,1,0,1,10,10,false,0,-1
NA,yerl9g4z,main_trial,4,2,2,down,765,win,0.4526,0.8159,0.4526,1,1,1,11,11,false,0,1
NA,yerl9g4z,main_trial,4,3,3,down,2642,win,0.6529,0.8522,0.6529,1,2,1,12,12,false,0,1
NA,yerl9g4z,main_trial,4,2,2,down,782,win,0.6156,0.8888,0.6156,1,3,1,13,13,false,0,1
NA,yerl9g4z,main_trial,3,4,3,up,630,win,0.7193,0.7193,0.8176,1,4,1,14,14,false,0,1
NA,yerl9g4z,main_trial,3,2,3,up,1157,win,0.6837,0.6837,0.5471,1,5,1,15,15,false,1,1
NA,yerl9g4z,main_trial,2,3,3,down,1300,win,0.7066,0.6046,0.7066,1,6,1,16,16,false,1,1
NA,yerl9g4z,main_trial,3,4,3,up,638,win,0.6762,0.6762,0.7089,1,7,1,17,17,false,0,1
NA,yerl9g4z,main_trial,4,3,3,down,760,win,0.7663,0.7014,0.7663,1,8,1,18,18,false,1,1
NA,yerl9g4z,main_trial,4,1,4,up,1170,win,0.7747,0.7747,0.1082,1,9,1,19,19,false,1,1
NA,yerl9g4z,main_trial,3,4,3,up,596,win,0.6766,0.6766,0.6796,1,10,1,20,20,false,0,1
NA,yerl9g4z,main_trial,4,3,3,down,872,loss,0.5482,0.7106,0.5482,-1,9,1,21,21,false,0,1
NA,yerl9g4z,main_trial,4,3,3,down,1217,loss,0.5697,0.7462,0.5697,-1,8,1,22,22,false,0,-1
NA,yerl9g4z,main_trial,2,3,2,up,2196,win,0.6025,0.6025,0.5188,1,9,1,23,23,false,1,-1
NA,yerl9g4z,main_trial,4,2,2,down,913,win,0.5696,0.7921,0.5696,1,10,1,24,24,false,0,1
NA,yerl9g4z,main_trial,3,1,1,down,1391,loss,0.1748,0.5107,0.1748,-1,9,1,25,25,false,0,1
NA,yerl9g4z,main_trial,4,1,4,up,1850,win,0.7903,0.7903,0.1225,1,10,1,26,26,false,1,-1
NA,yerl9g4z,main_trial,1,2,2,down,1731,win,0.5587,0.1581,0.5587,1,11,1,27,27,false,1,1
NA,yerl9g4z,main_trial,1,4,4,down,971,win,0.8294,0.155,0.8294,1,12,1,28,28,false,1,1
NA,yerl9g4z,main_trial,3,4,4,down,856,win,0.7773,0.5721,0.7773,1,13,1,29,29,false,1,1
NA,yerl9g4z,main_trial,3,1,1,down,1560,loss,0.2067,0.5714,0.2067,-1,12,1,30,30,false,0,1
NA,yerl9g4z,main_trial,3,4,3,up,616,win,0.5805,0.5805,0.7034,1,13,1,31,31,false,0,-1
NA,yerl9g4z,main_trial,3,2,3,up,604,loss,0.5642,0.5642,0.6757,-1,12,1,32,32,false,0,1
NA,yerl9g4z,main_trial,3,4,4,down,696,loss,0.6119,0.5384,0.6119,-1,11,1,33,33,false,1,-1
NA,yerl9g4z,main_trial,2,1,2,up,988,win,0.6221,0.6221,0.2879,1,12,1,34,34,false,1,-1
NA,yerl9g4z,main_trial,3,2,2,down,1015,win,0.6596,0.5393,0.6596,1,13,1,35,35,false,1,1
NA,yerl9g4z,main_trial,3,4,3,up,649,loss,0.5063,0.5063,0.5307,-1,12,1,36,36,false,0,1
NA,yerl9g4z,main_trial,2,4,2,up,591,loss,0.7207,0.7207,0.4975,-1,11,1,37,37,false,1,-1
NA,yerl9g4z,main_trial,3,2,3,up,701,loss,0.6288,0.6288,0.7065,-1,10,1,38,38,false,0,-1
NA,yerl9g4z,main_trial,2,3,3,down,1012,win,0.7137,0.6685,0.7137,1,11,1,39,39,false,1,-1
NA,yerl9g4z,main_trial,4,2,2,down,674,win,0.6941,0.5327,0.6941,1,12,1,40,40,false,1,1
NA,yerl9g4z,main_trial,3,1,3,up,759,win,0.6989,0.6989,0.2942,1,13,1,41,41,false,1,1
NA,yerl9g4z,main_trial,1,4,4,down,1098,win,0.5581,0.2964,0.5581,1,14,1,42,42,false,1,1
NA,yerl9g4z,main_trial,2,1,2,up,628,win,0.5354,0.5354,0.3055,1,15,1,43,43,false,1,1
NA,yerl9g4z,main_trial,1,4,4,down,1436,loss,0.617,0.2976,0.617,-1,14,1,44,44,false,1,1
NA,yerl9g4z,main_trial,3,2,3,up,575,win,0.7,0.7,0.4741,1,15,1,45,45,false,1,-1
NA,yerl9g4z,main_trial,1,4,4,down,2342,loss,0.6395,0.2038,0.6395,-1,14,1,46,46,false,1,1
NA,yerl9g4z,main_trial,3,4,3,up,628,win,0.7159,0.7159,0.6044,1,15,1,47,47,false,1,-1
NA,yerl9g4z,main_trial,2,1,2,up,860,win,0.3423,0.3423,0.232,1,16,1,48,48,false,1,1
NA,yerl9g4z,main_trial,1,2,2,down,846,win,0.3715,0.3739,0.3715,1,17,1,49,49,false,0,1
NA,yerl9g4z,main_trial,1,2,2,down,949,loss,0.4017,0.3961,0.4017,-1,16,1,50,50,false,1,1
NA,yerl9g4z,main_trial,3,4,3,up,833,win,0.6195,0.6195,0.4053,1,17,2,51,1,true,1,-1
NA,yerl9g4z,main_trial,4,1,1,down,1365,loss,0.3994,0.4158,0.3994,-1,16,2,52,2,true,0,1
NA,yerl9g4z,main_trial,1,2,2,down,1023,loss,0.3494,0.392,0.3494,-1,15,2,53,3,true,0,-1
NA,yerl9g4z,main_trial,3,4,3,up,597,win,0.621,0.621,0.3667,1,16,2,54,4,true,1,-1
NA,yerl9g4z,main_trial,2,3,3,down,1777,loss,0.6063,0.3564,0.6063,-1,15,2,55,5,true,1,1
NA,yerl9g4z,main_trial,3,1,3,up,857,loss,0.6363,0.6363,0.3844,-1,14,2,56,6,true,1,-1
NA,yerl9g4z,main_trial,3,2,2,down,756,loss,0.3766,0.6594,0.3766,-1,13,2,57,7,true,0,-1
NA,yerl9g4z,main_trial,1,3,3,down,946,win,0.6539,0.5108,0.6539,1,14,2,58,8,true,1,-1
NA,yerl9g4z,main_trial,1,3,3,down,622,loss,0.6053,0.4921,0.6053,-1,13,2,59,9,true,1,1
NA,yerl9g4z,main_trial,2,4,2,up,625,loss,0.4881,0.4881,0.1392,-1,12,2,60,10,true,1,-1
NA,yerl9g4z,main_trial,4,1,4,up,761,loss,0.1888,0.1888,0.4484,-1,11,2,61,11,true,0,-1
NA,yerl9g4z,main_trial,1,2,1,up,672,loss,0.5746,0.5746,0.3166,-1,10,2,62,12,true,1,-1
NA,yerl9g4z,main_trial,2,3,3,down,532,loss,0.5097,0.3749,0.5097,-1,9,2,63,13,true,1,-1
NA,yerl9g4z,main_trial,2,3,3,down,480,win,0.5974,0.3913,0.5974,1,10,2,64,14,true,1,-1
NA,yerl9g4z,main_trial,3,1,3,up,618,loss,0.5541,0.5541,0.61,-1,9,2,65,15,true,0,1
NA,yerl9g4z,main_trial,4,1,1,down,691,win,0.6103,0.2433,0.6103,1,10,2,66,16,true,1,-1
NA,yerl9g4z,main_trial,3,1,1,down,494,win,0.5991,0.5751,0.5991,1,11,2,67,17,true,1,1
NA,yerl9g4z,main_trial,3,4,4,down,1238,win,0.3094,0.5767,0.3094,1,12,2,68,18,true,0,1
NA,yerl9g4z,main_trial,3,1,1,down,634,win,0.6363,0.5293,0.6363,1,13,2,69,19,true,1,1
NA,yerl9g4z,main_trial,1,3,1,up,1071,win,0.6179,0.6179,0.5419,1,14,2,70,20,true,1,1
NA,yerl9g4z,main_trial,4,2,4,up,1297,loss,0.2833,0.2833,0.5723,-1,13,2,71,21,true,0,1
NA,yerl9g4z,main_trial,4,3,3,down,3722,loss,0.5921,0.1714,0.5921,-1,12,2,72,22,true,1,-1
NA,yerl9g4z,main_trial,2,3,2,up,656,win,0.6595,0.6595,0.513,1,13,2,73,23,true,1,-1
NA,yerl9g4z,main_trial,4,3,3,down,1368,loss,0.5067,0.183,0.5067,-1,12,2,74,24,true,1,1
NA,yerl9g4z,main_trial,1,4,1,up,775,loss,0.7379,0.7379,0.151,-1,11,2,75,25,true,1,-1
NA,yerl9g4z,main_trial,4,3,4,up,1114,loss,0.1619,0.1619,0.4498,-1,10,2,76,26,true,0,-1
NA,yerl9g4z,main_trial,1,2,2,down,632,win,0.6448,0.6946,0.6448,1,11,2,77,27,true,0,-1
NA,yerl9g4z,main_trial,3,4,4,down,1010,loss,0.1501,0.4725,0.1501,-1,10,2,78,28,true,0,1
NA,yerl9g4z,main_trial,3,2,3,up,405,loss,0.444,0.444,0.7748,-1,9,2,79,29,true,0,-1
NA,yerl9g4z,main_trial,2,1,1,down,1936,loss,0.6112,0.8238,0.6112,-1,8,2,80,30,true,0,-1
NA,yerl9g4z,main_trial,3,2,3,up,656,loss,0.4321,0.4321,0.8397,-1,7,2,81,31,true,0,-1
NA,yerl9g4z,main_trial,2,1,2,up,509,win,0.808,0.808,0.6829,1,8,2,82,32,true,1,-1
NA,yerl9g4z,main_trial,3,4,3,up,688,loss,0.3894,0.3894,0.175,-1,7,2,83,33,true,1,1
NA,yerl9g4z,main_trial,4,2,2,down,614,win,0.8754,0.1236,0.8754,1,8,2,84,34,true,1,-1
NA,yerl9g4z,main_trial,3,1,1,down,600,win,0.6644,0.4737,0.6644,1,9,2,85,35,true,1,1
NA,yerl9g4z,main_trial,2,3,2,up,1699,win,0.8357,0.8357,0.5015,1,10,2,86,36,true,1,1
NA,yerl9g4z,main_trial,4,1,1,down,482,loss,0.5388,0.1062,0.5388,-1,9,2,87,37,true,1,1
NA,yerl9g4z,main_trial,2,1,2,up,421,win,0.7413,0.7413,0.6113,1,10,2,88,38,true,1,-1
NA,yerl9g4z,main_trial,4,1,4,up,1003,loss,0.1107,0.1107,0.5426,-1,9,2,89,39,true,0,1
NA,yerl9g4z,main_trial,2,4,2,up,556,win,0.7966,0.7966,0.1519,1,10,2,90,40,true,1,-1
NA,yerl9g4z,main_trial,1,3,1,up,796,win,0.6029,0.6029,0.4246,1,11,2,91,41,true,1,1
NA,yerl9g4z,main_trial,2,1,2,up,543,win,0.8851,0.8851,0.4961,1,12,2,92,42,true,1,1
NA,yerl9g4z,main_trial,3,2,2,down,3114,win,0.8971,0.3885,0.8971,1,13,2,93,43,true,1,1
NA,yerl9g4z,main_trial,2,3,2,up,521,win,0.834,0.834,0.435,1,14,2,94,44,true,1,1
NA,yerl9g4z,main_trial,1,4,1,up,766,win,0.6653,0.6653,0.1096,1,15,2,95,45,true,1,1
NA,yerl9g4z,main_trial,4,2,2,down,718,win,0.7538,0.1155,0.7538,1,16,2,96,46,true,1,1
NA,yerl9g4z,main_trial,3,4,4,down,1318,loss,0.1337,0.4845,0.1337,-1,15,2,97,47,true,0,1
NA,yerl9g4z,main_trial,1,3,1,up,945,win,0.6112,0.6112,0.4601,1,16,2,98,48,true,1,-1
NA,yerl9g4z,main_trial,2,4,2,up,554,win,0.8555,0.8555,0.2194,1,17,2,99,49,true,1,1
NA,yerl9g4z,main_trial,2,4,2,up,521,win,0.8832,0.8832,0.2366,1,18,2,100,50,true,1,1
NA,yerl9g4z,main_trial,4,3,3,down,750,win,0.661,0.1719,0.661,1,19,3,101,1,false,1,1
NA,yerl9g4z,main_trial,2,1,2,up,928,win,0.8399,0.8399,0.7694,1,20,3,102,2,false,1,1
NA,yerl9g4z,main_trial,2,3,3,down,837,win,0.6935,0.8007,0.6935,1,21,3,103,3,false,0,1
NA,yerl9g4z,main_trial,1,4,1,up,1397,win,0.7476,0.7476,0.2264,1,22,3,104,4,false,1,1
NA,yerl9g4z,main_trial,3,2,3,up,790,loss,0.7598,0.7598,0.8678,-1,21,3,105,5,false,0,1
NA,yerl9g4z,main_trial,1,4,1,up,954,loss,0.7334,0.7334,0.28,-1,20,3,106,6,false,1,-1
NA,yerl9g4z,main_trial,3,4,3,up,942,win,0.7616,0.7616,0.24,1,21,3,107,7,false,1,-1
NA,yerl9g4z,main_trial,1,2,2,down,1667,win,0.8631,0.7343,0.8631,1,22,3,108,8,false,1,1
NA,yerl9g4z,main_trial,3,2,3,up,587,win,0.804,0.804,0.7946,1,23,3,109,9,false,1,1
NA,yerl9g4z,main_trial,1,4,1,up,1092,loss,0.6498,0.6498,0.2051,-1,22,3,110,10,false,1,1
NA,yerl9g4z,main_trial,3,1,3,up,937,win,0.6409,0.6409,0.6355,1,23,3,111,11,false,1,-1
NA,yerl9g4z,main_trial,3,1,3,up,553,win,0.7031,0.7031,0.5848,1,24,3,112,12,false,1,1
NA,yerl9g4z,main_trial,2,3,3,down,1960,win,0.652,0.6589,0.652,1,25,3,113,13,false,0,1
NA,yerl9g4z,main_trial,1,4,1,up,761,loss,0.6178,0.6178,0.1222,-1,24,3,114,14,false,1,1
NA,yerl9g4z,main_trial,4,3,3,down,820,win,0.547,0.146,0.547,1,25,3,115,15,false,1,-1
NA,yerl9g4z,main_trial,1,3,3,down,863,win,0.555,0.6054,0.555,1,26,3,116,16,false,0,1
NA,yerl9g4z,main_trial,1,4,1,up,773,loss,0.5684,0.5684,0.1372,-1,25,3,117,17,false,1,1
NA,yerl9g4z,main_trial,2,4,2,up,785,loss,0.647,0.647,0.2564,-1,24,3,118,18,false,1,-1
NA,yerl9g4z,main_trial,4,3,4,up,722,loss,0.2574,0.2574,0.5371,-1,23,3,119,19,false,0,-1
NA,yerl9g4z,main_trial,4,2,2,down,869,win,0.6733,0.2145,0.6733,1,24,3,120,20,false,1,-1
NA,yerl9g4z,main_trial,3,1,3,up,421,win,0.5264,0.5264,0.6053,1,25,3,121,21,false,0,1
NA,yerl9g4z,main_trial,4,2,2,down,738,win,0.7235,0.2811,0.7235,1,26,3,122,22,false,1,1
NA,yerl9g4z,main_trial,3,1,3,up,436,loss,0.4914,0.4914,0.5239,-1,25,3,123,23,false,0,1
NA,yerl9g4z,main_trial,3,1,3,up,446,win,0.4707,0.4707,0.6344,1,26,3,124,24,false,0,-1
NA,yerl9g4z,main_trial,3,2,3,up,1199,loss,0.5588,0.5588,0.7576,-1,25,3,125,25,false,0,1
NA,yerl9g4z,main_trial,2,4,2,up,563,loss,0.7895,0.7895,0.1014,-1,24,3,126,26,false,1,-1
NA,yerl9g4z,main_trial,4,1,4,up,1318,loss,0.1106,0.1106,0.6163,-1,23,3,127,27,false,0,-1
NA,yerl9g4z,main_trial,4,3,3,down,684,loss,0.5118,0.1568,0.5118,-1,22,3,128,28,false,1,-1
NA,yerl9g4z,main_trial,2,4,2,up,443,win,0.8531,0.8531,0.1591,1,23,3,129,29,false,1,-1
NA,yerl9g4z,main_trial,3,1,3,up,548,win,0.566,0.566,0.6841,1,24,3,130,30,false,0,1
NA,yerl9g4z,main_trial,4,1,1,down,3187,win,0.6248,0.2809,0.6248,1,25,3,131,31,false,1,1
NA,yerl9g4z,main_trial,2,1,2,up,808,win,0.8984,0.8984,0.6515,1,26,3,132,32,false,1,1
NA,yerl9g4z,main_trial,3,2,3,up,566,loss,0.4213,0.4213,0.8894,-1,25,3,133,33,false,0,1
NA,yerl9g4z,main_trial,3,2,3,up,1889,win,0.4778,0.4778,0.8535,1,26,3,134,34,false,0,-1
NA,yerl9g4z,main_trial,3,4,3,up,574,loss,0.4445,0.4445,0.3203,-1,25,3,135,35,false,1,1
NA,yerl9g4z,main_trial,2,1,2,up,658,win,0.8982,0.8982,0.697,1,26,3,136,36,false,1,-1
NA,yerl9g4z,main_trial,4,2,2,down,970,win,0.8909,0.3022,0.8909,1,27,3,137,37,false,1,1
NA,yerl9g4z,main_trial,1,2,2,down,891,loss,0.8936,0.5726,0.8936,-1,26,3,138,38,false,1,1
NA,yerl9g4z,main_trial,2,3,3,down,674,win,0.5372,0.8932,0.5372,1,27,3,139,39,false,0,-1
NA,yerl9g4z,main_trial,3,1,3,up,703,loss,0.5413,0.5413,0.5338,-1,26,3,140,40,false,1,1
NA,yerl9g4z,main_trial,1,4,1,up,3160,loss,0.4601,0.4601,0.2684,-1,25,3,141,41,false,1,-1
NA,yerl9g4z,main_trial,1,4,4,down,631,win,0.2606,0.4488,0.2606,1,26,3,142,42,false,0,-1
NA,yerl9g4z,main_trial,3,1,3,up,1007,loss,0.5679,0.5679,0.4504,-1,25,3,143,43,false,1,1
NA,yerl9g4z,main_trial,2,4,2,up,1239,loss,0.7782,0.7782,0.2702,-1,24,3,144,44,false,1,-1
NA,yerl9g4z,main_trial,2,3,3,down,1087,win,0.537,0.8116,0.537,1,25,3,145,45,false,0,-1
NA,yerl9g4z,main_trial,2,4,2,up,625,win,0.819,0.819,0.2189,1,26,3,146,46,false,1,1
NA,yerl9g4z,main_trial,2,3,3,down,1048,loss,0.5112,0.8746,0.5112,-1,25,3,147,47,false,0,1
NA,yerl9g4z,main_trial,2,3,2,up,450,win,0.8706,0.8706,0.5087,1,26,3,148,48,false,1,-1
NA,yerl9g4z,main_trial,4,3,3,down,749,loss,0.4761,0.1442,0.4761,-1,25,3,149,49,false,1,1
NA,yerl9g4z,main_trial,3,4,3,up,1178,win,0.5485,0.5485,0.1038,1,26,3,150,50,false,1,-1
NA,yerl9g4z,main_trial,3,4,3,up,807,loss,0.5922,0.5922,0.1014,-1,25,4,151,1,true,1,1
NA,yerl9g4z,main_trial,2,3,2,up,823,loss,0.7356,0.7356,0.5903,-1,24,4,152,2,true,1,-1
NA,yerl9g4z,main_trial,4,3,3,down,665,win,0.6156,0.2188,0.6156,1,25,4,153,3,true,1,-1
NA,yerl9g4z,main_trial,4,2,2,down,574,win,0.7168,0.237,0.7168,1,26,4,154,4,true,1,1
NA,yerl9g4z,main_trial,1,2,2,down,1084,win,0.7619,0.6458,0.7619,1,27,4,155,5,true,1,1
NA,yerl9g4z,main_trial,4,1,4,up,1484,win,0.3267,0.3267,0.596,1,28,4,156,6,true,0,1
NA,yerl9g4z,main_trial,1,4,4,down,924,loss,0.3491,0.5253,0.3491,-1,27,4,157,7,true,0,1
NA,yerl9g4z,main_trial,2,4,2,up,635,win,0.797,0.797,0.3758,1,28,4,158,8,true,1,-1
NA,yerl9g4z,main_trial,1,2,2,down,1200,win,0.7007,0.4071,0.7007,1,29,4,159,9,true,1,1
NA,yerl9g4z,main_trial,1,2,2,down,965,loss,0.6162,0.4408,0.6162,-1,28,4,160,10,true,1,1
NA,yerl9g4z,main_trial,4,3,3,down,725,win,0.516,0.4413,0.516,1,29,4,161,11,true,1,-1
NA,yerl9g4z,main_trial,2,3,3,down,1132,win,0.4933,0.5139,0.4933,1,30,4,162,12,true,0,1
NA,yerl9g4z,main_trial,3,1,3,up,660,win,0.447,0.447,0.4128,1,31,4,163,13,true,1,1
NA,yerl9g4z,main_trial,1,3,3,down,1679,loss,0.4725,0.3772,0.4725,-1,30,4,164,14,true,1,1
NA,yerl9g4z,main_trial,4,2,2,down,1291,win,0.42,0.4471,0.42,1,31,4,165,15,true,0,-1
NA,yerl9g4z,main_trial,3,2,3,up,822,win,0.5866,0.5866,0.3812,1,32,4,166,16,true,1,1
NA,yerl9g4z,main_trial,1,3,3,down,867,loss,0.5288,0.3084,0.5288,-1,31,4,167,17,true,1,1
NA,yerl9g4z,main_trial,3,4,3,up,485,loss,0.5307,0.5307,0.5193,-1,30,4,168,18,true,1,-1
NA,yerl9g4z,main_trial,3,2,3,up,1036,win,0.552,0.552,0.1374,1,31,4,169,19,true,1,-1
NA,yerl9g4z,main_trial,4,3,3,down,739,loss,0.5465,0.6522,0.5465,-1,30,4,170,20,true,0,1
NA,yerl9g4z,main_trial,1,3,1,up,1286,loss,0.3517,0.3517,0.5861,-1,29,4,171,21,true,0,-1
NA,yerl9g4z,main_trial,4,2,2,down,587,loss,0.1933,0.733,0.1933,-1,28,4,172,22,true,0,-1
NA,yerl9g4z,main_trial,3,1,3,up,562,win,0.6578,0.6578,0.4256,1,29,4,173,23,true,1,-1
NA,yerl9g4z,main_trial,4,1,4,up,1340,win,0.7828,0.7828,0.4733,1,30,4,174,24,true,1,1
NA,yerl9g4z,main_trial,3,4,3,up,451,win,0.6111,0.6111,0.7525,1,31,4,175,25,true,0,1
NA,yerl9g4z,main_trial,4,2,4,up,1936,loss,0.7572,0.7572,0.1673,-1,30,4,176,26,true,1,1
NA,yerl9g4z,main_trial,3,1,3,up,516,loss,0.6928,0.6928,0.3486,-1,29,4,177,27,true,1,-1
NA,yerl9g4z,main_trial,1,2,2,down,1986,loss,0.1344,0.4234,0.1344,-1,28,4,178,28,true,0,-1
NA,yerl9g4z,main_trial,1,3,1,up,565,loss,0.4031,0.4031,0.7326,-1,27,4,179,29,true,0,-1
NA,yerl9g4z,main_trial,2,4,2,up,714,loss,0.1681,0.1681,0.8316,-1,26,4,180,30,true,0,-1
NA,yerl9g4z,main_trial,3,4,3,up,654,win,0.7468,0.7468,0.757,1,27,4,181,31,true,0,-1
NA,yerl9g4z,main_trial,2,4,2,up,589,loss,0.1988,0.1988,0.7282,-1,26,4,182,32,true,0,1
NA,yerl9g4z,main_trial,3,2,3,up,534,win,0.7617,0.7617,0.2975,1,27,4,183,33,true,1,-1
NA,yerl9g4z,main_trial,1,2,2,down,1172,loss,0.245,0.3286,0.245,-1,26,4,184,34,true,0,1
NA,yerl9g4z,main_trial,4,3,3,down,780,loss,0.7617,0.8188,0.7617,-1,25,4,185,35,true,0,-1
NA,yerl9g4z,main_trial,3,1,3,up,567,loss,0.7947,0.7947,0.3582,-1,24,4,186,36,true,1,-1
NA,yerl9g4z,main_trial,4,1,1,down,743,loss,0.2997,0.8172,0.2997,-1,23,4,187,37,true,0,-1
NA,yerl9g4z,main_trial,3,4,4,down,1491,win,0.756,0.8017,0.756,1,24,4,188,38,true,0,-1
NA,yerl9g4z,main_trial,3,1,1,down,1074,loss,0.3107,0.8273,0.3107,-1,23,4,189,39,true,0,1
NA,yerl9g4z,main_trial,4,3,4,up,578,win,0.7988,0.7988,0.8517,1,24,4,190,40,true,0,-1
NA,yerl9g4z,main_trial,2,3,2,up,1232,win,0.293,0.293,0.8757,1,25,4,191,41,true,0,1
NA,yerl9g4z,main_trial,4,1,4,up,785,win,0.8898,0.8898,0.3255,1,26,4,192,42,true,1,1
NA,yerl9g4z,main_trial,2,3,2,up,935,win,0.335,0.335,0.8201,1,27,4,193,43,true,0,1
NA,yerl9g4z,main_trial,4,2,4,up,472,loss,0.8456,0.8456,0.3543,-1,26,4,194,44,true,1,1
NA,yerl9g4z,main_trial,4,1,4,up,635,win,0.8238,0.8238,0.3795,1,27,4,195,45,true,1,-1
NA,yerl9g4z,main_trial,2,1,2,up,723,loss,0.295,0.295,0.405,-1,26,4,196,46,true,0,1
NA,yerl9g4z,main_trial,3,2,3,up,709,loss,0.8644,0.8644,0.278,-1,25,4,197,47,true,1,-1
NA,yerl9g4z,main_trial,3,2,2,down,769,win,0.2192,0.8906,0.2192,1,26,4,198,48,true,0,-1
NA,yerl9g4z,main_trial,3,2,2,down,776,win,0.2841,0.8551,0.2841,1,27,4,199,49,true,0,1
NA,yerl9g4z,main_trial,2,1,2,up,611,loss,0.3396,0.3396,0.5304,-1,26,4,200,50,true,0,1
